初期都市,移動距離,最短距離=>240 (初期位置：3789)
0,447,
1,300,
2,366,
3,359,
4,513,
5,453,
6,325,
7,454,
8,447,
9,372,
10,366,
11,409,
12,295,
13,342,
14,361,
15,417,
16,439,
17,484,
18,417,
19,385,
20,406,
21,328,
22,467,
23,400,
24,385,
25,470,
26,416,
27,331,
28,396,
29,436,
30,475,
31,442,
32,396,
33,380,
34,465,
35,468,
36,405,
37,342,
38,492,
39,398,
40,400,
41,430,
42,525,
43,450,
44,458,
45,332,
46,437,
47,456,
48,373,
49,418,
50,339,
51,398,
52,472,
53,422,
54,381,
55,397,
56,417,
57,349,
58,348,
59,309,
60,432,
61,341,
62,472,
63,424,
64,336,
65,410,
66,560,
67,384,
68,347,
69,336,
70,349,
71,377,
72,445,
73,396,
74,388,
75,406,
76,337,
77,409,
78,301,
79,333,
80,383,
81,417,
82,524,
83,448,
84,464,
85,397,
86,405,
87,380,
88,374,
89,391,
90,380,
91,392,
92,444,
93,437,
94,362,
95,287,
96,342,
97,377,
98,389,
99,370,
100,423,
101,424,
102,401,
103,374,
104,468,
105,446,
106,310,
107,486,
108,461,
109,505,
110,335,
111,429,
112,360,
113,316,
114,411,
115,354,
116,425,
117,321,
118,406,
119,453,
120,446,
121,509,
122,296,
123,411,
124,392,
125,456,
126,365,
127,355,
128,399,
129,318,
130,437,
131,457,
132,406,
133,456,
134,444,
135,421,
136,269,
137,373,
138,468,
139,322,
140,480,
141,365,
142,413,
143,327,
144,427,
145,333,
146,348,
147,431,
148,433,
149,360,
150,435,
151,464,
152,462,
153,360,
154,469,
155,293,
156,516,
157,426,
158,492,
159,409,
160,466,
161,517,
162,419,
163,383,
164,423,
165,466,
166,374,
167,467,
168,322,
169,460,
170,423,
171,329,
172,386,
173,434,
174,409,
175,514,
176,436,
177,380,
178,374,
179,440,
180,439,
181,386,
182,317,
183,453,
184,466,
185,341,
186,453,
187,341,
188,383,
189,369,
190,484,
191,398,
192,451,
193,367,
194,337,
195,402,
196,393,
197,325,
198,434,
199,418,
200,450,
201,384,
202,475,
203,490,
204,455,
205,378,
206,312,
207,381,
208,441,
209,293,
210,498,
211,377,
212,434,
213,364,
214,422,
215,361,
216,406,
217,405,
218,324,
219,373,
220,388,
221,432,
222,380,
223,356,
224,344,
225,399,
226,415,
227,388,
228,350,
229,372,
230,447,
231,406,
232,383,
233,475,
234,405,
235,405,
236,326,
237,414,
238,423,
239,310,
240,447,
241,376,
242,384,
243,354,
244,499,
245,481,
246,429,
247,366,
248,339,
249,465,
250,394,
251,466,
252,433,
253,363,
254,470,
255,450,
256,416,
257,340,
258,433,
259,410,
260,417,
261,281,
262,427,
263,341,
264,470,
265,426,
266,329,
267,416,
268,326,
269,440,
270,384,
271,327,
272,400,
273,426,
274,549,
275,328,
276,297,
277,269,
278,318,
279,499,
280,355,
281,369,
282,448,
283,293,
284,437,
285,321,
286,492,
287,558,
288,433,
289,421,
290,418,
291,533,
292,362,
293,413,
294,466,
295,378,
296,435,
297,445,
298,427,
299,471,
300,509,
301,417,
302,410,
303,430,
304,408,
305,391,
306,497,
307,422,
308,553,
309,365,
310,523,
311,369,
312,505,
313,412,
314,418,
315,450,
316,394,
317,380,
318,375,
319,431,
320,478,
321,401,
322,440,
323,317,
324,429,
325,313,
326,415,
327,416,
328,384,
329,301,
330,400,
331,496,
332,478,
333,462,
334,353,
335,310,
336,380,
337,448,
338,395,
339,407,
340,405,
341,366,
342,378,
343,390,
344,398,
345,474,
346,385,
347,371,
348,370,
349,455,
350,427,
351,333,
352,360,
353,411,
354,395,
355,371,
356,334,
357,365,
358,446,
359,355,
360,403,
361,334,
362,403,
363,461,
364,531,
365,277,
366,442,
367,419,
368,372,
369,411,
370,350,
371,374,
372,316,
373,434,
374,484,
375,333,
376,387,
377,397,
378,369,
379,303,
380,417,
381,363,
382,393,
383,300,
384,387,
385,308,
386,331,
387,464,
388,451,
389,346,
390,384,
391,470,
392,474,
393,432,
394,460,
395,307,
396,327,
397,469,
398,490,
399,344,
400,342,
401,393,
402,444,
403,489,
404,461,
405,436,
406,430,
407,415,
408,375,
409,542,
410,464,
411,420,
412,349,
413,435,
414,361,
415,358,
416,364,
417,449,
418,494,
419,400,
420,316,
421,411,
422,436,
423,504,
424,489,
425,383,
426,434,
427,400,
428,502,
429,427,
430,487,
431,381,
432,389,
433,440,
434,359,
435,446,
436,321,
437,324,
438,446,
439,409,
440,349,
441,456,
442,365,
443,487,
444,414,
445,351,
446,502,
447,414,
448,399,
449,411,
450,337,
451,353,
452,421,
453,295,
454,369,
455,327,
456,334,
457,451,
458,376,
459,375,
460,463,
461,396,
462,425,
463,495,
464,364,
465,391,
466,306,
467,387,
468,432,
469,389,
470,472,
471,539,
472,348,
473,386,
474,377,
475,354,
476,367,
477,438,
478,466,
479,388,
480,392,
481,420,
482,580,
483,479,
484,410,
485,417,
486,530,
487,410,
488,517,
489,429,
490,369,
491,382,
492,401,
493,382,
494,379,
495,389,
496,338,
497,460,
498,529,
499,440,
500,420,
501,455,
502,495,
503,447,
504,288,
505,318,
506,405,
507,422,
508,319,
509,508,
510,421,
511,353,
512,414,
513,418,
514,357,
515,480,
516,442,
517,341,
518,408,
519,314,
520,370,
521,493,
522,435,
523,450,
524,456,
525,453,
526,423,
527,397,
528,346,
529,439,
530,323,
531,402,
532,482,
533,398,
534,551,
535,420,
536,427,
537,414,
538,450,
539,388,
540,444,
541,396,
542,452,
543,400,
544,328,
545,456,
546,419,
547,440,
548,490,
549,343,
550,388,
551,392,
552,464,
553,446,
554,408,
555,451,
556,342,
557,348,
558,436,
559,392,
560,421,
561,403,
562,385,
563,366,
564,389,
565,401,
566,322,
567,363,
568,467,
569,462,
570,505,
571,406,
572,368,
573,369,
574,378,
575,550,
576,355,
577,407,
578,380,
579,488,
580,426,
581,408,
582,590,
583,450,
584,324,
585,407,
586,460,
587,476,
588,316,
589,454,
590,398,
591,366,
592,397,
593,347,
594,311,
595,418,
596,362,
597,383,
598,412,
599,559,
600,370,
601,464,
602,437,
603,506,
604,534,
605,450,
606,356,
607,359,
608,504,
609,406,
610,348,
611,406,
612,391,
613,492,
614,364,
615,436,
616,406,
617,454,
618,321,
619,438,
620,403,
621,366,
622,416,
623,453,
624,413,
625,504,
626,399,
627,390,
628,432,
629,439,
630,416,
631,514,
632,507,
633,470,
634,390,
635,501,
636,464,
637,280,
638,396,
639,422,
640,341,
641,419,
642,431,
643,478,
644,351,
645,350,
646,334,
647,431,
648,390,
649,370,
650,435,
651,523,
652,401,
653,413,
654,433,
655,478,
656,378,
657,442,
658,422,
659,382,
660,426,
661,503,
662,376,
663,470,
664,367,
665,489,
666,421,
667,371,
668,515,
669,403,
670,452,
671,399,
672,445,
673,342,
674,287,
675,373,
676,387,
677,403,
678,433,
679,351,
680,322,
681,418,
682,377,
683,449,
684,415,
685,334,
686,511,
687,451,
688,404,
689,392,
690,311,
691,311,
692,389,
693,496,
694,427,
695,381,
696,443,
697,352,
698,387,
699,468,
700,460,
701,489,
702,430,
703,453,
704,362,
705,313,
706,402,
707,511,
708,552,
709,363,
710,351,
711,454,
712,401,
713,368,
714,433,
715,469,
716,374,
717,339,
718,415,
719,325,
720,312,
721,509,
722,474,
723,386,
724,459,
725,428,
726,447,
727,390,
728,446,
729,336,
730,444,
731,441,
732,495,
733,440,
734,442,
735,318,
736,343,
737,323,
738,498,
739,413,
740,414,
741,464,
742,386,
743,400,
744,331,
745,383,
746,440,
747,485,
748,362,
749,355,
750,446,
751,406,
752,303,
753,448,
754,369,
755,370,
756,388,
757,298,
758,326,
759,480,
760,441,
761,289,
762,412,
763,480,
764,366,
765,495,
766,376,
767,454,
768,409,
769,371,
770,404,
771,415,
772,466,
773,395,
774,421,
775,420,
776,358,
777,357,
778,334,
779,417,
780,349,
781,445,
782,526,
783,387,
784,490,
785,508,
786,301,
787,353,
788,501,
789,430,
790,315,
791,471,
792,390,
793,473,
794,339,
795,356,
796,393,
797,481,
798,407,
799,361,
800,406,
801,435,
802,471,
803,394,
804,438,
805,364,
806,498,
807,441,
808,423,
809,447,
810,422,
811,432,
812,387,
813,437,
814,324,
815,426,
816,355,
817,475,
818,566,
819,373,
820,396,
821,486,
822,413,
823,433,
824,498,
825,312,
826,484,
827,429,
828,436,
829,440,
830,405,
831,457,
832,392,
833,421,
834,336,
835,324,
836,394,
837,486,
838,511,
839,403,
840,348,
841,532,
842,435,
843,398,
844,392,
845,436,
846,503,
847,467,
848,298,
849,430,
850,339,
851,379,
852,492,
853,446,
854,362,
855,415,
856,405,
857,317,
858,420,
859,447,
860,412,
861,405,
862,513,
863,375,
864,430,
865,321,
866,313,
867,438,
868,403,
869,392,
870,404,
871,575,
872,426,
873,341,
874,399,
875,451,
876,417,
877,384,
878,366,
879,362,
880,437,
881,297,
882,441,
883,423,
884,401,
885,418,
886,380,
887,413,
888,394,
889,372,
890,411,
891,386,
892,490,
893,498,
894,383,
895,402,
896,386,
897,513,
898,425,
899,457,
900,364,
901,371,
902,374,
903,462,
904,415,
905,420,
906,378,
907,382,
908,453,
909,476,
910,445,
911,463,
912,526,
913,521,
914,422,
915,523,
916,369,
917,355,
918,465,
919,421,
920,365,
921,420,
922,390,
923,473,
924,436,
925,374,
926,297,
927,405,
928,375,
929,379,
930,330,
931,465,
932,404,
933,496,
934,426,
935,375,
936,462,
937,414,
938,476,
939,411,
940,399,
941,373,
942,459,
943,323,
944,366,
945,523,
946,423,
947,288,
948,382,
949,458,
950,345,
951,296,
952,494,
953,414,
954,398,
955,342,
956,342,
957,485,
958,453,
959,331,
960,448,
961,409,
962,394,
963,508,
964,436,
965,454,
966,355,
967,456,
968,362,
969,375,
970,439,
971,324,
972,331,
973,327,
974,426,
975,370,
976,404,
977,434,
978,360,
979,405,
980,472,
981,455,
982,461,
983,464,
984,434,
985,454,
986,459,
987,394,
988,380,
989,438,
990,326,
991,349,
992,350,
993,553,
994,398,
995,369,
996,422,
997,400,
998,443,
999,467,
1000,396,
1001,324,
1002,554,
1003,416,
1004,485,
1005,514,
1006,494,
1007,330,
1008,416,
1009,372,
1010,450,
1011,387,
1012,477,
1013,385,
1014,438,
1015,415,
1016,502,
1017,403,
1018,446,
1019,370,
1020,428,
1021,337,
1022,420,
1023,564,
1024,336,
1025,462,
1026,422,
1027,493,
1028,487,
1029,353,
1030,345,
1031,344,
1032,394,
1033,393,
1034,444,
1035,427,
1036,434,
1037,423,
1038,374,
1039,421,
1040,330,
1041,366,
1042,443,
1043,394,
1044,486,
1045,421,
1046,439,
1047,494,
1048,419,
1049,317,
1050,360,
1051,438,
1052,401,
1053,402,
1054,370,
1055,405,
1056,375,
1057,397,
1058,336,
1059,445,
1060,424,
1061,498,
1062,404,
1063,363,
1064,454,
1065,269,
1066,465,
1067,552,
1068,417,
1069,382,
1070,449,
1071,337,
1072,392,
1073,348,
1074,407,
1075,543,
1076,425,
1077,378,
1078,353,
1079,475,
1080,280,
1081,348,
1082,316,
1083,373,
1084,408,
1085,420,
1086,440,
1087,405,
1088,276,
1089,318,
1090,332,
1091,390,
1092,437,
1093,430,
1094,378,
1095,448,
1096,425,
1097,478,
1098,381,
1099,363,
1100,338,
1101,381,
1102,376,
1103,497,
1104,422,
1105,412,
1106,459,
1107,407,
1108,417,
1109,487,
1110,410,
1111,439,
1112,405,
1113,523,
1114,394,
1115,394,
1116,381,
1117,461,
1118,429,
1119,390,
1120,431,
1121,389,
1122,504,
1123,316,
1124,416,
1125,415,
1126,522,
1127,435,
1128,397,
1129,484,
1130,404,
1131,334,
1132,438,
1133,368,
1134,447,
1135,486,
1136,423,
1137,454,
1138,353,
1139,370,
1140,395,
1141,526,
1142,360,
1143,346,
1144,540,
1145,416,
1146,449,
1147,418,
1148,392,
1149,457,
1150,496,
1151,547,
1152,435,
1153,464,
1154,493,
1155,481,
1156,354,
1157,328,
1158,430,
1159,325,
1160,407,
1161,414,
1162,412,
1163,455,
1164,294,
1165,337,
1166,388,
1167,393,
1168,386,
1169,367,
1170,454,
1171,323,
1172,332,
1173,415,
1174,408,
1175,375,
1176,496,
1177,468,
1178,475,
1179,404,
1180,495,
1181,409,
1182,331,
1183,461,
1184,492,
1185,411,
1186,361,
1187,409,
1188,405,
1189,380,
1190,437,
1191,390,
1192,469,
1193,317,
1194,392,
1195,420,
1196,302,
1197,459,
1198,443,
1199,452,
1200,349,
1201,495,
1202,349,
1203,394,
1204,374,
1205,333,
1206,435,
1207,416,
1208,449,
1209,391,
1210,454,
1211,387,
1212,439,
1213,382,
1214,503,
1215,450,
1216,418,
1217,378,
1218,393,
1219,402,
1220,342,
1221,477,
1222,426,
1223,338,
1224,406,
1225,355,
1226,443,
1227,591,
1228,473,
1229,339,
1230,423,
1231,455,
1232,431,
1233,347,
1234,409,
1235,305,
1236,383,
1237,311,
1238,384,
1239,341,
1240,332,
1241,396,
1242,407,
1243,479,
1244,310,
1245,423,
1246,404,
1247,408,
1248,335,
1249,333,
1250,414,
1251,384,
1252,359,
1253,332,
1254,346,
1255,366,
1256,353,
1257,384,
1258,412,
1259,378,
1260,431,
1261,397,
1262,379,
1263,389,
1264,403,
1265,409,
1266,457,
1267,433,
1268,493,
1269,372,
1270,347,
1271,402,
1272,343,
1273,342,
1274,464,
1275,423,
1276,317,
1277,406,
1278,446,
1279,388,
1280,434,
1281,501,
1282,375,
1283,397,
1284,423,
1285,363,
1286,393,
1287,325,
1288,277,
1289,384,
1290,373,
1291,314,
1292,460,
1293,413,
1294,482,
1295,305,
1296,509,
1297,437,
1298,385,
1299,509,
1300,514,
1301,339,
1302,367,
1303,461,
1304,444,
1305,422,
1306,488,
1307,368,
1308,419,
1309,386,
1310,482,
1311,321,
1312,432,
1313,356,
1314,468,
1315,302,
1316,432,
1317,420,
1318,402,
1319,448,
1320,388,
1321,358,
1322,393,
1323,538,
1324,334,
1325,465,
1326,514,
1327,399,
1328,332,
1329,486,
1330,497,
1331,415,
1332,452,
1333,420,
1334,416,
1335,379,
1336,307,
1337,338,
1338,425,
1339,326,
1340,361,
1341,420,
1342,417,
1343,302,
1344,403,
1345,413,
1346,402,
1347,327,
1348,354,
1349,385,
1350,345,
1351,428,
1352,379,
1353,347,
1354,435,
1355,411,
1356,428,
1357,320,
1358,409,
1359,390,
1360,351,
1361,363,
1362,342,
1363,406,
1364,380,
1365,429,
1366,392,
1367,421,
1368,363,
1369,428,
1370,395,
1371,505,
1372,431,
1373,429,
1374,366,
1375,402,
1376,466,
1377,286,
1378,452,
1379,362,
1380,477,
1381,341,
1382,304,
1383,415,
1384,406,
1385,512,
1386,422,
1387,457,
1388,346,
1389,452,
1390,408,
1391,425,
1392,368,
1393,329,
1394,499,
1395,338,
1396,425,
1397,466,
1398,315,
1399,375,
1400,496,
1401,495,
1402,448,
1403,417,
1404,502,
1405,477,
1406,460,
1407,384,
1408,457,
1409,429,
1410,281,
1411,270,
1412,310,
1413,451,
1414,421,
1415,410,
1416,418,
1417,431,
1418,385,
1419,384,
1420,432,
1421,389,
1422,425,
1423,526,
1424,409,
1425,334,
1426,427,
1427,348,
1428,568,
1429,421,
1430,435,
1431,396,
1432,411,
1433,528,
1434,381,
1435,378,
1436,438,
1437,379,
1438,430,
1439,383,
1440,460,
1441,569,
1442,350,
1443,377,
1444,329,
1445,460,
1446,408,
1447,354,
1448,519,
1449,351,
1450,296,
1451,396,
1452,387,
1453,496,
1454,331,
1455,481,
1456,406,
1457,304,
1458,423,
1459,341,
1460,294,
1461,327,
1462,259,
1463,508,
1464,302,
1465,460,
1466,554,
1467,342,
1468,379,
1469,486,
1470,395,
1471,311,
1472,538,
1473,419,
1474,363,
1475,460,
1476,399,
1477,410,
1478,354,
1479,325,
1480,359,
1481,516,
1482,417,
1483,422,
1484,327,
1485,498,
1486,297,
1487,346,
1488,378,
1489,412,
1490,469,
1491,415,
1492,457,
1493,337,
1494,299,
1495,329,
1496,368,
1497,334,
1498,475,
1499,305,
1500,356,
1501,504,
1502,499,
1503,438,
1504,495,
1505,386,
1506,425,
1507,372,
1508,524,
1509,412,
1510,380,
1511,427,
1512,310,
1513,396,
1514,419,
1515,382,
1516,445,
1517,413,
1518,500,
1519,392,
1520,337,
1521,389,
1522,368,
1523,518,
1524,415,
1525,380,
1526,456,
1527,425,
1528,344,
1529,437,
1530,420,
1531,397,
1532,380,
1533,333,
1534,477,
1535,359,
1536,442,
1537,470,
1538,379,
1539,389,
1540,398,
1541,374,
1542,418,
1543,341,
1544,540,
1545,453,
1546,316,
1547,405,
1548,430,
1549,376,
1550,352,
1551,440,
1552,412,
1553,347,
1554,473,
1555,466,
1556,492,
1557,401,
1558,431,
1559,385,
1560,327,
1561,360,
1562,387,
1563,350,
1564,334,
1565,433,
1566,394,
1567,369,
1568,472,
1569,386,
1570,319,
1571,387,
1572,452,
1573,306,
1574,417,
1575,299,
1576,408,
1577,272,
1578,297,
1579,449,
1580,338,
1581,423,
1582,461,
1583,467,
1584,460,
1585,400,
1586,451,
1587,420,
1588,428,
1589,418,
1590,397,
1591,428,
1592,475,
1593,464,
1594,375,
1595,329,
1596,460,
1597,410,
1598,449,
1599,325,
1600,405,
1601,426,
1602,507,
1603,388,
1604,481,
1605,410,
1606,375,
1607,459,
1608,339,
1609,365,
1610,410,
1611,384,
1612,387,
1613,339,
1614,369,
1615,423,
1616,310,
1617,357,
1618,401,
1619,501,
1620,357,
1621,379,
1622,484,
1623,480,
1624,396,
1625,370,
1626,409,
1627,425,
1628,350,
1629,378,
1630,413,
1631,401,
1632,428,
1633,449,
1634,431,
1635,369,
1636,393,
1637,500,
1638,428,
1639,469,
1640,466,
1641,539,
1642,469,
1643,373,
1644,384,
1645,426,
1646,442,
1647,396,
1648,435,
1649,401,
1650,433,
1651,407,
1652,360,
1653,350,
1654,414,
1655,488,
1656,416,
1657,328,
1658,399,
1659,467,
1660,458,
1661,474,
1662,371,
1663,426,
1664,347,
1665,489,
1666,372,
1667,345,
1668,489,
1669,400,
1670,411,
1671,502,
1672,455,
1673,536,
1674,315,
1675,415,
1676,450,
1677,418,
1678,459,
1679,397,
1680,311,
1681,406,
1682,373,
1683,340,
1684,406,
1685,342,
1686,334,
1687,391,
1688,295,
1689,373,
1690,490,
1691,346,
1692,459,
1693,474,
1694,393,
1695,417,
1696,404,
1697,402,
1698,392,
1699,484,
1700,396,
1701,451,
1702,351,
1703,521,
1704,470,
1705,419,
1706,434,
1707,324,
1708,440,
1709,509,
1710,343,
1711,414,
1712,372,
1713,392,
1714,467,
1715,325,
1716,416,
1717,398,
1718,421,
1719,421,
1720,373,
1721,329,
1722,421,
1723,487,
1724,400,
1725,440,
1726,323,
1727,451,
1728,311,
1729,341,
1730,353,
1731,398,
1732,469,
1733,393,
1734,403,
1735,376,
1736,385,
1737,392,
1738,471,
1739,507,
1740,383,
1741,380,
1742,347,
1743,355,
1744,348,
1745,353,
1746,467,
1747,437,
1748,386,
1749,401,
1750,381,
1751,353,
1752,422,
1753,368,
1754,342,
1755,335,
1756,385,
1757,405,
1758,366,
1759,405,
1760,460,
1761,318,
1762,404,
1763,314,
1764,399,
1765,481,
1766,370,
1767,365,
1768,366,
1769,398,
1770,475,
1771,453,
1772,447,
1773,372,
1774,477,
1775,407,
1776,474,
1777,351,
1778,472,
1779,452,
1780,456,
1781,443,
1782,420,
1783,377,
1784,511,
1785,594,
1786,310,
1787,409,
1788,361,
1789,443,
1790,472,
1791,421,
1792,596,
1793,382,
1794,447,
1795,390,
1796,491,
1797,418,
1798,495,
1799,363,
1800,372,
1801,378,
1802,338,
1803,337,
1804,483,
1805,395,
1806,333,
1807,447,
1808,383,
1809,388,
1810,397,
1811,312,
1812,510,
1813,338,
1814,376,
1815,503,
1816,356,
1817,466,
1818,514,
1819,472,
1820,388,
1821,379,
1822,520,
1823,378,
1824,547,
1825,422,
1826,432,
1827,261,
1828,328,
1829,396,
1830,447,
1831,503,
1832,422,
1833,552,
1834,392,
1835,399,
1836,351,
1837,427,
1838,390,
1839,435,
1840,408,
1841,321,
1842,434,
1843,378,
1844,383,
1845,458,
1846,375,
1847,463,
1848,404,
1849,329,
1850,400,
1851,403,
1852,344,
1853,483,
1854,396,
1855,412,
1856,344,
1857,335,
1858,343,
1859,469,
1860,432,
1861,437,
1862,391,
1863,363,
1864,419,
1865,373,
1866,338,
1867,423,
1868,366,
1869,271,
1870,417,
1871,548,
1872,449,
1873,505,
1874,427,
1875,378,
1876,334,
1877,416,
1878,436,
1879,437,
1880,397,
1881,324,
1882,350,
1883,410,
1884,246,
1885,293,
1886,440,
1887,405,
1888,390,
1889,303,
1890,353,
1891,519,
1892,380,
1893,394,
1894,446,
1895,414,
1896,368,
1897,470,
1898,391,
1899,378,
1900,294,
1901,424,
1902,504,
1903,462,
1904,442,
1905,502,
1906,421,
1907,543,
1908,293,
1909,354,
1910,309,
1911,360,
1912,531,
1913,378,
1914,434,
1915,380,
1916,435,
1917,354,
1918,413,
1919,411,
1920,533,
1921,412,
1922,426,
1923,462,
1924,298,
1925,324,
1926,306,
1927,346,
1928,480,
1929,386,
1930,524,
1931,432,
1932,423,
1933,369,
1934,453,
1935,466,
1936,482,
1937,355,
1938,321,
1939,397,
1940,451,
1941,349,
1942,421,
1943,473,
1944,521,
1945,286,
1946,516,
1947,439,
1948,405,
1949,342,
1950,472,
1951,410,
1952,370,
1953,426,
1954,434,
1955,491,
1956,432,
1957,465,
1958,454,
1959,333,
1960,408,
1961,500,
1962,477,
1963,325,
1964,372,
1965,403,
1966,329,
1967,357,
1968,446,
1969,355,
1970,501,
1971,285,
1972,398,
1973,463,
1974,378,
1975,406,
1976,395,
1977,416,
1978,434,
1979,463,
1980,398,
1981,431,
1982,402,
1983,436,
1984,349,
1985,398,
1986,396,
1987,285,
1988,377,
1989,399,
1990,448,
1991,435,
1992,458,
1993,419,
1994,351,
1995,346,
1996,358,
1997,377,
1998,522,
1999,518,
2000,387,
2001,394,
2002,470,
2003,481,
2004,431,
2005,405,
2006,402,
2007,424,
2008,385,
2009,383,
2010,323,
2011,433,
2012,471,
2013,405,
2014,455,
2015,419,
2016,442,
2017,464,
2018,393,
2019,446,
2020,334,
2021,466,
2022,448,
2023,389,
2024,394,
2025,424,
2026,329,
2027,409,
2028,359,
2029,324,
2030,466,
2031,372,
2032,390,
2033,356,
2034,434,
2035,357,
2036,377,
2037,408,
2038,444,
2039,261,
2040,451,
2041,407,
2042,369,
2043,354,
2044,423,
2045,372,
2046,424,
2047,456,
2048,299,
2049,405,
2050,435,
2051,467,
2052,356,
2053,376,
2054,483,
2055,341,
2056,306,
2057,421,
2058,335,
2059,334,
2060,305,
2061,438,
2062,447,
2063,459,
2064,436,
2065,319,
2066,348,
2067,452,
2068,358,
2069,387,
2070,416,
2071,353,
2072,412,
2073,409,
2074,435,
2075,516,
2076,414,
2077,327,
2078,438,
2079,440,
2080,441,
2081,356,
2082,366,
2083,475,
2084,406,
2085,354,
2086,377,
2087,435,
2088,466,
2089,354,
2090,455,
2091,431,
2092,479,
2093,368,
2094,373,
2095,365,
2096,537,
2097,460,
2098,308,
2099,341,
2100,327,
2101,366,
2102,442,
2103,516,
2104,516,
2105,347,
2106,365,
2107,426,
2108,407,
2109,489,
2110,463,
2111,441,
2112,250,
2113,331,
2114,371,
2115,398,
2116,400,
2117,422,
2118,480,
2119,396,
2120,367,
2121,457,
2122,337,
2123,463,
2124,421,
2125,273,
2126,337,
2127,484,
2128,414,
2129,348,
2130,383,
2131,492,
2132,419,
2133,328,
2134,343,
2135,314,
2136,380,
2137,396,
2138,378,
2139,450,
2140,376,
2141,440,
2142,489,
2143,354,
2144,346,
2145,508,
2146,457,
2147,374,
2148,293,
2149,288,
2150,328,
2151,396,
2152,437,
2153,452,
2154,382,
2155,473,
2156,380,
2157,388,
2158,438,
2159,374,
2160,444,
2161,409,
2162,428,
2163,400,
2164,361,
2165,343,
2166,350,
2167,355,
2168,372,
2169,350,
2170,326,
2171,371,
2172,353,
2173,489,
2174,411,
2175,439,
2176,437,
2177,528,
2178,369,
2179,330,
2180,366,
2181,353,
2182,431,
2183,468,
2184,435,
2185,418,
2186,426,
2187,437,
2188,420,
2189,387,
2190,446,
2191,493,
2192,399,
2193,555,
2194,337,
2195,377,
2196,416,
2197,329,
2198,540,
2199,406,
2200,486,
2201,450,
2202,354,
2203,439,
2204,388,
2205,420,
2206,326,
2207,455,
2208,423,
2209,327,
2210,419,
2211,417,
2212,446,
2213,364,
2214,421,
2215,335,
2216,370,
2217,433,
2218,374,
2219,510,
2220,445,
2221,369,
2222,378,
2223,366,
2224,361,
2225,387,
2226,407,
2227,500,
2228,404,
2229,411,
2230,249,
2231,419,
2232,364,
2233,440,
2234,340,
2235,417,
2236,441,
2237,449,
2238,448,
2239,357,
2240,436,
2241,485,
2242,407,
2243,372,
2244,425,
2245,402,
2246,374,
2247,397,
2248,436,
2249,419,
2250,319,
2251,355,
2252,406,
2253,375,
2254,329,
2255,374,
2256,414,
2257,333,
2258,390,
2259,372,
2260,427,
2261,414,
2262,346,
2263,408,
2264,333,
2265,377,
2266,338,
2267,384,
2268,410,
2269,471,
2270,373,
2271,322,
2272,372,
2273,396,
2274,447,
2275,432,
2276,391,
2277,328,
2278,306,
2279,359,
2280,441,
2281,448,
2282,449,
2283,329,
2284,374,
2285,350,
2286,369,
2287,425,
2288,476,
2289,359,
2290,409,
2291,459,
2292,359,
2293,373,
2294,397,
2295,394,
2296,357,
2297,394,
2298,398,
2299,369,
2300,463,
2301,340,
2302,403,
2303,436,
2304,376,
2305,390,
2306,368,
2307,430,
2308,422,
2309,314,
2310,467,
2311,435,
2312,400,
2313,396,
2314,433,
2315,434,
2316,347,
2317,435,
2318,443,
2319,514,
2320,347,
2321,335,
2322,402,
2323,336,
2324,389,
2325,323,
2326,535,
2327,439,
2328,419,
2329,412,
2330,413,
2331,394,
2332,352,
2333,415,
2334,378,
2335,442,
2336,367,
2337,442,
2338,324,
2339,416,
2340,473,
2341,384,
2342,417,
2343,348,
2344,418,
2345,437,
2346,391,
2347,301,
2348,437,
2349,404,
2350,394,
2351,387,
2352,342,
2353,407,
2354,438,
2355,410,
2356,466,
2357,456,
2358,384,
2359,408,
2360,381,
2361,427,
2362,468,
2363,376,
2364,389,
2365,358,
2366,401,
2367,435,
2368,433,
2369,323,
2370,392,
2371,357,
2372,481,
2373,453,
2374,423,
2375,265,
2376,370,
2377,279,
2378,431,
2379,425,
2380,424,
2381,340,
2382,415,
2383,458,
2384,465,
2385,395,
2386,419,
2387,378,
2388,590,
2389,445,
2390,321,
2391,400,
2392,393,
2393,405,
2394,371,
2395,364,
2396,366,
2397,330,
2398,324,
2399,417,
2400,310,
2401,567,
2402,458,
2403,428,
2404,387,
2405,329,
2406,412,
2407,392,
2408,386,
2409,445,
2410,409,
2411,313,
2412,462,
2413,425,
2414,402,
2415,418,
2416,363,
2417,419,
2418,440,
2419,475,
2420,387,
2421,353,
2422,387,
2423,509,
2424,353,
2425,385,
2426,344,
2427,533,
2428,377,
2429,350,
2430,475,
2431,431,
2432,488,
2433,434,
2434,488,
2435,325,
2436,363,
2437,383,
2438,394,
2439,408,
2440,505,
2441,375,
2442,379,
2443,455,
2444,313,
2445,353,
2446,287,
2447,455,
2448,425,
2449,462,
2450,487,
2451,342,
2452,440,
2453,377,
2454,355,
2455,534,
2456,394,
2457,454,
2458,535,
2459,384,
2460,391,
2461,439,
2462,427,
2463,368,
2464,353,
2465,336,
2466,355,
2467,326,
2468,368,
2469,359,
2470,444,
2471,367,
2472,393,
2473,407,
2474,445,
2475,320,
2476,398,
2477,350,
2478,422,
2479,330,
2480,401,
2481,384,
2482,571,
2483,512,
2484,320,
2485,453,
2486,422,
2487,350,
2488,399,
2489,482,
2490,354,
2491,407,
2492,363,
2493,399,
2494,435,
2495,355,
2496,465,
2497,368,
2498,398,
2499,359,
2500,337,
2501,289,
2502,355,
2503,562,
2504,382,
2505,507,
2506,491,
2507,434,
2508,409,
2509,512,
2510,386,
2511,467,
2512,418,
2513,461,
2514,429,
2515,449,
2516,463,
2517,427,
2518,338,
2519,435,
2520,385,
2521,389,
2522,477,
2523,351,
2524,430,
2525,442,
2526,324,
2527,362,
2528,437,
2529,333,
2530,370,
2531,401,
2532,245,
2533,437,
2534,489,
2535,350,
2536,429,
2537,447,
2538,499,
2539,405,
2540,305,
2541,509,
2542,305,
2543,367,
2544,488,
2545,502,
2546,313,
2547,399,
2548,303,
2549,383,
2550,414,
2551,409,
2552,433,
2553,321,
2554,479,
2555,332,
2556,401,
2557,406,
2558,371,
2559,416,
2560,423,
2561,456,
2562,429,
2563,388,
2564,431,
2565,378,
2566,381,
2567,335,
2568,453,
2569,409,
2570,520,
2571,406,
2572,408,
2573,410,
2574,322,
2575,427,
2576,335,
2577,382,
2578,359,
2579,386,
2580,392,
2581,511,
2582,321,
2583,390,
2584,389,
2585,399,
2586,490,
2587,437,
2588,426,
2589,450,
2590,521,
2591,364,
2592,317,
2593,339,
2594,405,
2595,398,
2596,359,
2597,366,
2598,433,
2599,446,
2600,380,
2601,352,
2602,484,
2603,468,
2604,364,
2605,395,
2606,312,
2607,415,
2608,421,
2609,459,
2610,463,
2611,388,
2612,429,
2613,399,
2614,392,
2615,537,
2616,437,
2617,484,
2618,340,
2619,446,
2620,405,
2621,475,
2622,284,
2623,427,
2624,359,
2625,448,
2626,452,
2627,403,
2628,425,
2629,445,
2630,411,
2631,410,
2632,382,
2633,479,
2634,488,
2635,302,
2636,445,
2637,447,
2638,353,
2639,413,
2640,394,
2641,340,
2642,565,
2643,383,
2644,403,
2645,425,
2646,491,
2647,391,
2648,342,
2649,383,
2650,418,
2651,305,
2652,470,
2653,270,
2654,301,
2655,423,
2656,454,
2657,337,
2658,506,
2659,480,
2660,530,
2661,386,
2662,370,
2663,324,
2664,359,
2665,406,
2666,388,
2667,356,
2668,336,
2669,370,
2670,431,
2671,446,
2672,407,
2673,410,
2674,441,
2675,428,
2676,369,
2677,545,
2678,504,
2679,466,
2680,444,
2681,501,
2682,359,
2683,372,
2684,479,
2685,434,
2686,407,
2687,358,
2688,434,
2689,344,
2690,388,
2691,389,
2692,385,
2693,432,
2694,416,
2695,416,
2696,434,
2697,328,
2698,434,
2699,399,
2700,466,
2701,440,
2702,481,
2703,405,
2704,421,
2705,361,
2706,386,
2707,578,
2708,383,
2709,321,
2710,379,
2711,408,
2712,326,
2713,322,
2714,408,
2715,424,
2716,493,
2717,342,
2718,378,
2719,359,
2720,377,
2721,330,
2722,506,
2723,478,
2724,415,
2725,432,
2726,402,
2727,442,
2728,375,
2729,394,
2730,471,
2731,294,
2732,417,
2733,382,
2734,504,
2735,423,
2736,427,
2737,386,
2738,534,
2739,498,
2740,482,
2741,495,
2742,465,
2743,460,
2744,413,
2745,428,
2746,543,
2747,464,
2748,425,
2749,463,
2750,464,
2751,467,
2752,451,
2753,481,
2754,394,
2755,311,
2756,490,
2757,376,
2758,401,
2759,423,
2760,443,
2761,515,
2762,385,
2763,433,
2764,415,
2765,385,
2766,362,
2767,319,
2768,497,
2769,302,
2770,475,
2771,361,
2772,372,
2773,494,
2774,337,
2775,448,
2776,428,
2777,429,
2778,535,
2779,406,
2780,371,
2781,350,
2782,360,
2783,274,
2784,491,
2785,397,
2786,376,
2787,384,
2788,463,
2789,421,
2790,513,
2791,381,
2792,379,
2793,484,
2794,441,
2795,389,
2796,390,
2797,389,
2798,418,
2799,344,
2800,355,
2801,345,
2802,346,
2803,421,
2804,381,
2805,295,
2806,465,
2807,367,
2808,442,
2809,445,
2810,310,
2811,553,
2812,385,
2813,368,
2814,329,
2815,377,
2816,290,
2817,455,
2818,336,
2819,450,
2820,333,
2821,399,
2822,363,
2823,531,
2824,441,
2825,433,
2826,349,
2827,443,
2828,437,
2829,548,
2830,469,
2831,353,
2832,402,
2833,528,
2834,378,
2835,445,
2836,356,
2837,398,
2838,510,
2839,357,
2840,429,
2841,377,
2842,310,
2843,417,
2844,477,
2845,401,
2846,492,
2847,375,
2848,351,
2849,427,
2850,380,
2851,409,
2852,331,
2853,478,
2854,439,
2855,448,
2856,464,
2857,323,
2858,305,
2859,346,
2860,419,
2861,430,
2862,475,
2863,457,
2864,413,
2865,436,
2866,357,
2867,279,
2868,273,
2869,405,
2870,442,
2871,367,
2872,382,
2873,396,
2874,324,
2875,362,
2876,409,
2877,384,
2878,414,
2879,358,
2880,355,
2881,321,
2882,452,
2883,377,
2884,393,
2885,341,
2886,404,
2887,355,
2888,395,
2889,471,
2890,449,
2891,492,
2892,266,
2893,421,
2894,403,
2895,422,
2896,453,
2897,450,
2898,533,
2899,450,
2900,436,
2901,335,
2902,378,
2903,413,
2904,522,
2905,322,
2906,485,
2907,419,
2908,471,
2909,339,
2910,427,
2911,426,
2912,466,
2913,454,
2914,435,
2915,437,
2916,502,
2917,448,
2918,390,
2919,377,
2920,472,
2921,369,
2922,381,
2923,361,
2924,487,
2925,410,
2926,454,
2927,425,
2928,469,
2929,374,
2930,331,
2931,375,
2932,440,
2933,344,
2934,307,
2935,271,
2936,388,
2937,424,
2938,402,
2939,392,
2940,399,
2941,383,
2942,373,
2943,452,
2944,522,
2945,386,
2946,447,
2947,438,
2948,418,
2949,369,
2950,360,
2951,393,
2952,523,
2953,459,
2954,527,
2955,401,
2956,447,
2957,421,
2958,368,
2959,418,
2960,471,
2961,378,
2962,413,
2963,390,
2964,432,
2965,376,
2966,364,
2967,391,
2968,376,
2969,411,
2970,484,
2971,451,
2972,427,
2973,321,
2974,503,
2975,475,
2976,351,
2977,391,
2978,319,
2979,469,
2980,377,
2981,598,
2982,422,
2983,391,
2984,452,
2985,439,
2986,463,
2987,594,
2988,376,
2989,356,
2990,309,
2991,409,
2992,539,
2993,430,
2994,355,
2995,271,
2996,421,
2997,439,
2998,366,
2999,492,
3000,429,
3001,387,
3002,348,
3003,384,
3004,380,
3005,383,
3006,321,
3007,445,
3008,407,
3009,376,
3010,517,
3011,458,
3012,397,
3013,416,
3014,584,
3015,420,
3016,367,
3017,382,
3018,341,
3019,351,
3020,435,
3021,415,
3022,382,
3023,416,
3024,325,
3025,490,
3026,429,
3027,334,
3028,577,
3029,402,
3030,332,
3031,419,
3032,353,
3033,428,
3034,457,
3035,471,
3036,429,
3037,354,
3038,338,
3039,491,
3040,359,
3041,403,
3042,413,
3043,471,
3044,448,
3045,400,
3046,381,
3047,441,
3048,407,
3049,385,
3050,382,
3051,486,
3052,442,
3053,444,
3054,455,
3055,390,
3056,494,
3057,488,
3058,450,
3059,397,
3060,358,
3061,382,
3062,357,
3063,477,
3064,403,
3065,469,
3066,358,
3067,473,
3068,387,
3069,291,
3070,371,
3071,404,
3072,374,
3073,376,
3074,403,
3075,415,
3076,397,
3077,519,
3078,485,
3079,377,
3080,428,
3081,354,
3082,361,
3083,442,
3084,437,
3085,393,
3086,359,
3087,495,
3088,317,
3089,467,
3090,400,
3091,386,
3092,367,
3093,463,
3094,459,
3095,462,
3096,474,
3097,476,
3098,487,
3099,409,
3100,437,
3101,424,
3102,441,
3103,374,
3104,385,
3105,481,
3106,512,
3107,376,
3108,447,
3109,442,
3110,440,
3111,491,
3112,453,
3113,343,
3114,269,
3115,329,
3116,378,
3117,525,
3118,403,
3119,392,
3120,358,
3121,464,
3122,328,
3123,474,
3124,435,
3125,428,
3126,477,
3127,516,
3128,326,
3129,399,
3130,385,
3131,420,
3132,420,
3133,419,
3134,359,
3135,408,
3136,444,
3137,503,
3138,470,
3139,405,
3140,425,
3141,519,
3142,333,
3143,452,
3144,434,
3145,419,
3146,372,
3147,378,
3148,359,
3149,510,
3150,335,
3151,510,
3152,415,
3153,428,
3154,345,
3155,418,
3156,524,
3157,439,
3158,322,
3159,395,
3160,433,
3161,446,
3162,378,
3163,443,
3164,422,
3165,423,
3166,377,
3167,463,
3168,371,
3169,389,
3170,473,
3171,399,
3172,429,
3173,454,
3174,370,
3175,349,
3176,422,
3177,313,
3178,392,
3179,355,
3180,474,
3181,366,
3182,435,
3183,363,
3184,427,
3185,437,
3186,455,
3187,306,
3188,373,
3189,400,
3190,441,
3191,364,
3192,439,
3193,445,
3194,417,
3195,348,
3196,324,
3197,333,
3198,412,
3199,624,
3200,379,
3201,278,
3202,436,
3203,339,
3204,498,
3205,410,
3206,314,
3207,319,
3208,356,
3209,444,
3210,457,
3211,394,
3212,412,
3213,384,
3214,357,
3215,353,
3216,317,
3217,474,
3218,427,
3219,413,
3220,324,
3221,403,
3222,357,
3223,291,
3224,406,
3225,390,
3226,308,
3227,466,
3228,371,
3229,476,
3230,472,
3231,389,
3232,365,
3233,457,
3234,370,
3235,361,
3236,390,
3237,298,
3238,436,
3239,373,
3240,433,
3241,419,
3242,434,
3243,489,
3244,433,
3245,515,
3246,510,
3247,477,
3248,389,
3249,470,
3250,325,
3251,333,
3252,462,
3253,413,
3254,438,
3255,462,
3256,418,
3257,381,
3258,430,
3259,399,
3260,360,
3261,395,
3262,441,
3263,391,
3264,496,
3265,399,
3266,488,
3267,462,
3268,436,
3269,414,
3270,420,
3271,477,
3272,406,
3273,438,
3274,405,
3275,357,
3276,401,
3277,403,
3278,467,
3279,508,
3280,311,
3281,411,
3282,496,
3283,466,
3284,508,
3285,298,
3286,468,
3287,474,
3288,501,
3289,432,
3290,409,
3291,376,
3292,495,
3293,375,
3294,369,
3295,396,
3296,443,
3297,428,
3298,415,
3299,418,
3300,387,
3301,391,
3302,449,
3303,418,
3304,373,
3305,445,
3306,441,
3307,304,
3308,511,
3309,363,
3310,415,
3311,405,
3312,310,
3313,429,
3314,438,
3315,481,
3316,394,
3317,447,
3318,400,
3319,290,
3320,382,
3321,293,
3322,573,
3323,524,
3324,384,
3325,305,
3326,545,
3327,432,
3328,520,
3329,379,
3330,469,
3331,464,
3332,436,
3333,403,
3334,324,
3335,324,
3336,450,
3337,461,
3338,396,
3339,414,
3340,430,
3341,517,
3342,408,
3343,500,
3344,476,
3345,383,
3346,338,
3347,410,
3348,505,
3349,420,
3350,388,
3351,417,
3352,489,
3353,354,
3354,387,
3355,349,
3356,471,
3357,439,
3358,477,
3359,537,
3360,354,
3361,537,
3362,494,
3363,396,
3364,350,
3365,390,
3366,442,
3367,482,
3368,443,
3369,384,
3370,474,
3371,409,
3372,438,
3373,362,
3374,396,
3375,513,
3376,369,
3377,397,
3378,371,
3379,323,
3380,532,
3381,387,
3382,386,
3383,480,
3384,499,
3385,359,
3386,371,
3387,352,
3388,533,
3389,350,
3390,399,
3391,376,
3392,301,
3393,293,
3394,570,
3395,381,
3396,380,
3397,470,
3398,495,
3399,321,
3400,358,
3401,409,
3402,394,
3403,405,
3404,395,
3405,369,
3406,390,
3407,441,
3408,381,
3409,450,
3410,263,
3411,357,
3412,382,
3413,572,
3414,394,
3415,396,
3416,469,
3417,376,
3418,500,
3419,475,
3420,443,
3421,440,
3422,403,
3423,422,
3424,435,
3425,416,
3426,356,
3427,441,
3428,339,
3429,404,
3430,422,
3431,418,
3432,378,
3433,447,
3434,432,
3435,376,
3436,313,
3437,372,
3438,381,
3439,394,
3440,410,
3441,555,
3442,416,
3443,407,
3444,391,
3445,444,
3446,432,
3447,461,
3448,362,
3449,472,
3450,347,
3451,442,
3452,328,
3453,343,
3454,488,
3455,362,
3456,381,
3457,559,
3458,462,
3459,431,
3460,366,
3461,394,
3462,400,
3463,341,
3464,348,
3465,415,
3466,297,
3467,503,
3468,417,
3469,436,
3470,349,
3471,426,
3472,316,
3473,346,
3474,379,
3475,403,
3476,440,
3477,376,
3478,399,
3479,417,
3480,350,
3481,345,
3482,400,
3483,429,
3484,414,
3485,427,
3486,383,
3487,405,
3488,402,
3489,455,
3490,493,
3491,466,
3492,447,
3493,452,
3494,383,
3495,472,
3496,463,
3497,488,
3498,305,
3499,397,
3500,477,
3501,371,
3502,469,
3503,469,
3504,397,
3505,402,
3506,535,
3507,393,
3508,455,
3509,308,
3510,376,
3511,451,
3512,321,
3513,533,
3514,326,
3515,376,
3516,408,
3517,453,
3518,331,
3519,377,
3520,327,
3521,389,
3522,357,
3523,442,
3524,447,
3525,345,
3526,370,
3527,420,
3528,463,
3529,402,
3530,346,
3531,394,
3532,372,
3533,379,
3534,435,
3535,596,
3536,335,
3537,394,
3538,446,
3539,495,
3540,398,
3541,374,
3542,439,
3543,519,
3544,414,
3545,430,
3546,407,
3547,415,
3548,337,
3549,442,
3550,534,
3551,318,
3552,524,
3553,475,
3554,423,
3555,479,
3556,425,
3557,370,
3558,441,
3559,380,
3560,402,
3561,396,
3562,347,
3563,441,
3564,367,
3565,474,
3566,561,
3567,395,
3568,391,
3569,360,
3570,328,
3571,384,
3572,398,
3573,362,
3574,363,
3575,440,
3576,304,
3577,350,
3578,434,
3579,349,
3580,435,
3581,375,
3582,378,
3583,421,
3584,327,
3585,431,
3586,368,
3587,375,
3588,487,
3589,465,
3590,420,
3591,370,
3592,358,
3593,422,
3594,373,
3595,462,
3596,443,
3597,422,
3598,365,
3599,485,
3600,477,
3601,390,
3602,438,
3603,530,
3604,440,
3605,457,
3606,348,
3607,507,
3608,266,
3609,392,
3610,309,
3611,348,
3612,423,
3613,303,
3614,372,
3615,461,
3616,377,
3617,357,
3618,400,
3619,478,
3620,380,
3621,496,
3622,421,
3623,414,
3624,371,
3625,411,
3626,396,
3627,544,
3628,383,
3629,410,
3630,403,
3631,386,
3632,349,
3633,423,
3634,350,
3635,345,
3636,366,
3637,389,
3638,439,
3639,443,
3640,388,
3641,477,
3642,439,
3643,310,
3644,427,
3645,392,
3646,359,
3647,392,
3648,324,
3649,318,
3650,456,
3651,450,
3652,428,
3653,385,
3654,337,
3655,404,
3656,443,
3657,559,
3658,426,
3659,437,
3660,413,
3661,535,
3662,434,
3663,400,
3664,329,
3665,435,
3666,492,
3667,340,
3668,401,
3669,299,
3670,368,
3671,413,
3672,402,
3673,383,
3674,412,
3675,441,
3676,586,
3677,388,
3678,320,
3679,422,
3680,424,
3681,366,
3682,471,
3683,473,
3684,426,
3685,366,
3686,351,
3687,452,
3688,396,
3689,409,
3690,442,
3691,348,
3692,383,
3693,358,
3694,464,
3695,464,
3696,420,
3697,457,
3698,371,
3699,288,
3700,388,
3701,337,
3702,384,
3703,433,
3704,410,
3705,269,
3706,310,
3707,415,
3708,436,
3709,405,
3710,406,
3711,412,
3712,425,
3713,438,
3714,423,
3715,397,
3716,505,
3717,339,
3718,409,
3719,442,
3720,341,
3721,404,
3722,504,
3723,457,
3724,387,
3725,453,
3726,428,
3727,294,
3728,411,
3729,421,
3730,400,
3731,430,
3732,507,
3733,387,
3734,351,
3735,410,
3736,366,
3737,554,
3738,456,
3739,397,
3740,400,
3741,411,
3742,451,
3743,452,
3744,540,
3745,414,
3746,458,
3747,384,
3748,452,
3749,453,
3750,356,
3751,463,
3752,411,
3753,416,
3754,389,
3755,417,
3756,511,
3757,377,
3758,354,
3759,320,
3760,395,
3761,344,
3762,368,
3763,499,
3764,397,
3765,466,
3766,382,
3767,366,
3768,416,
3769,388,
3770,421,
3771,462,
3772,379,
3773,336,
3774,318,
3775,353,
3776,429,
3777,497,
3778,417,
3779,508,
3780,430,
3781,356,
3782,443,
3783,422,
3784,418,
3785,413,
3786,495,
3787,396,
3788,362,
3789,240,
3790,332,
3791,467,
3792,479,
3793,329,
3794,423,
3795,403,
3796,434,
3797,416,
3798,502,
3799,380,
3800,415,
3801,435,
3802,370,
3803,368,
3804,419,
3805,329,
3806,344,
3807,474,
3808,377,
3809,370,
3810,424,
3811,463,
3812,344,
3813,488,
3814,410,
3815,382,
3816,347,
3817,374,
3818,410,
3819,425,
3820,353,
3821,348,
3822,401,
3823,400,
3824,267,
3825,506,
3826,381,
3827,350,
3828,318,
3829,417,
3830,488,
3831,475,
3832,366,
3833,337,
3834,454,
3835,425,
3836,396,
3837,414,
3838,386,
3839,356,
3840,348,
3841,439,
3842,496,
3843,392,
3844,420,
3845,581,
3846,475,
3847,358,
3848,464,
3849,382,
3850,480,
3851,468,
3852,364,
3853,494,
3854,369,
3855,387,
3856,528,
3857,432,
3858,459,
3859,409,
3860,448,
3861,391,
3862,374,
3863,348,
3864,461,
3865,436,
3866,349,
3867,468,
3868,327,
3869,428,
3870,371,
3871,402,
3872,375,
3873,451,
3874,376,
3875,570,
3876,351,
3877,474,
3878,445,
3879,473,
3880,414,
3881,384,
3882,402,
3883,430,
3884,366,
3885,375,
3886,458,
3887,389,
3888,325,
3889,385,
3890,326,
3891,524,
3892,367,
3893,348,
3894,374,
3895,315,
3896,388,
3897,333,
3898,399,
3899,402,
3900,425,
3901,424,
3902,334,
3903,292,
3904,320,
3905,383,
3906,348,
3907,478,
3908,286,
3909,450,
3910,443,
3911,366,
3912,358,
3913,437,
3914,466,
3915,392,
3916,485,
3917,428,
3918,509,
3919,440,
3920,372,
3921,381,
3922,383,
3923,396,
3924,411,
3925,382,
3926,508,
3927,473,
3928,371,
3929,513,
3930,387,
3931,294,
3932,436,
3933,344,
3934,371,
3935,403,
3936,390,
3937,373,
3938,407,
3939,393,
3940,366,
3941,432,
3942,362,
3943,414,
3944,361,
3945,371,
3946,450,
3947,432,
3948,443,
3949,444,
3950,455,
3951,435,
3952,355,
3953,396,
3954,447,
3955,383,
3956,439,
3957,454,
3958,400,
3959,302,
3960,370,
3961,535,
3962,360,
3963,437,
3964,389,
3965,338,
3966,390,
3967,416,
3968,320,
3969,365,
3970,420,
3971,482,
3972,366,
3973,444,
3974,413,
3975,349,
3976,400,
3977,483,
3978,274,
3979,423,
3980,396,
3981,448,
3982,476,
3983,472,
3984,521,
3985,428,
3986,359,
3987,409,
3988,299,
3989,415,
3990,486,
3991,344,
3992,269,
3993,401,
3994,346,
3995,439,
3996,319,
3997,501,
3998,309,
3999,376,
4000,386,
4001,391,
4002,362,
4003,392,
4004,491,
4005,454,
4006,334,
4007,326,
4008,402,
4009,417,
4010,346,
4011,373,
4012,319,
4013,416,
4014,446,
4015,453,
4016,487,
4017,348,
4018,373,
4019,355,
4020,295,
4021,372,
4022,488,
4023,454,
4024,375,
4025,395,
4026,461,
4027,491,
4028,493,
4029,333,
4030,361,
4031,363,
4032,406,
4033,399,
4034,408,
4035,379,
4036,469,
4037,333,
4038,438,
4039,465,
4040,418,
4041,398,
4042,362,
4043,478,
4044,444,
4045,430,
4046,424,
4047,383,
4048,493,
4049,383,
4050,530,
4051,428,
4052,393,
4053,425,
4054,417,
4055,430,
4056,353,
4057,448,
4058,421,
4059,371,
4060,442,
4061,430,
4062,508,
4063,375,
4064,454,
4065,328,
4066,414,
4067,517,
4068,427,
4069,300,
4070,422,
4071,429,
4072,462,
4073,438,
4074,456,
4075,452,
4076,357,
4077,385,
4078,451,
4079,356,
4080,317,
4081,356,
4082,391,
4083,493,
4084,441,
4085,365,
4086,440,
4087,393,
4088,398,
4089,382,
4090,450,
4091,374,
4092,397,
4093,450,
4094,338,
4095,468,
4096,329,
4097,450,
4098,488,
4099,508,
4100,419,
4101,382,
4102,462,
4103,375,
4104,332,
4105,436,
4106,399,
4107,305,
4108,439,
4109,394,
4110,498,
4111,346,
4112,491,
4113,418,
4114,435,
4115,479,
4116,425,
4117,446,
4118,358,
4119,430,
4120,380,
4121,466,
4122,426,
4123,334,
4124,368,
4125,333,
4126,429,
4127,332,
4128,427,
4129,430,
4130,411,
4131,342,
4132,479,
4133,461,
4134,479,
4135,508,
4136,369,
4137,362,
4138,395,
4139,449,
4140,375,
4141,406,
4142,434,
4143,364,
4144,450,
4145,363,
4146,404,
4147,454,
4148,419,
4149,431,
4150,468,
4151,371,
4152,407,
4153,410,
4154,493,
4155,482,
4156,310,
4157,470,
4158,381,
4159,388,
4160,335,
4161,487,
4162,360,
4163,352,
4164,318,
4165,432,
4166,354,
4167,405,
4168,585,
4169,399,
4170,378,
4171,512,
4172,514,
4173,405,
4174,532,
4175,359,
4176,387,
4177,414,
4178,438,
4179,382,
4180,336,
4181,484,
4182,292,
4183,436,
4184,382,
4185,359,
4186,452,
4187,410,
4188,447,
4189,399,
4190,494,
4191,473,
4192,426,
4193,529,
4194,380,
4195,355,
4196,412,
4197,454,
4198,363,
4199,406,
4200,336,
4201,494,
4202,348,
4203,406,
4204,445,
4205,457,
4206,386,
4207,426,
4208,356,
4209,407,
4210,393,
4211,437,
4212,380,
4213,384,
4214,401,
4215,371,
4216,481,
4217,447,
4218,403,
4219,356,
4220,356,
4221,440,
4222,396,
4223,345,
4224,430,
4225,345,
4226,377,
4227,407,
4228,398,
4229,467,
4230,375,
4231,390,
4232,530,
4233,446,
4234,439,
4235,469,
4236,429,
4237,403,
4238,360,
4239,401,
4240,401,
4241,374,
4242,430,
4243,476,
4244,455,
4245,315,
4246,431,
4247,415,
4248,406,
4249,429,
4250,457,
4251,440,
4252,379,
4253,376,
4254,375,
4255,363,
4256,379,
4257,467,
4258,319,
4259,385,
4260,411,
4261,396,
4262,393,
4263,449,
4264,501,
4265,333,
4266,369,
4267,424,
4268,397,
4269,372,
4270,372,
4271,436,
4272,349,
4273,358,
4274,448,
4275,340,
4276,383,
4277,461,
4278,502,
4279,462,
4280,385,
4281,402,
4282,462,
4283,332,
4284,415,
4285,405,
4286,366,
4287,336,
4288,567,
4289,384,
4290,439,
4291,432,
4292,447,
4293,436,
4294,444,
4295,444,
4296,338,
4297,315,
4298,341,
4299,486,
4300,413,
4301,345,
4302,403,
4303,374,
4304,414,
4305,390,
4306,415,
4307,474,
4308,422,
4309,505,
4310,378,
4311,354,
4312,430,
4313,491,
4314,358,
4315,453,
4316,445,
4317,430,
4318,445,
4319,436,
4320,334,
4321,444,
4322,536,
4323,424,
4324,443,
4325,429,
4326,428,
4327,343,
4328,400,
4329,374,
4330,348,
4331,401,
4332,363,
4333,532,
4334,432,
4335,381,
4336,434,
4337,328,
4338,346,
4339,450,
4340,470,
4341,322,
4342,335,
4343,370,
4344,345,
4345,453,
4346,438,
4347,400,
4348,342,
4349,352,
4350,416,
4351,380,
4352,364,
4353,302,
4354,393,
4355,400,
4356,391,
4357,376,
4358,449,
4359,434,
4360,464,
4361,389,
4362,488,
4363,362,
4364,449,
4365,409,
4366,360,
4367,527,
4368,432,
4369,453,
4370,350,
4371,437,
4372,375,
4373,417,
4374,343,
4375,417,
4376,454,
4377,357,
4378,415,
4379,488,
4380,422,
4381,407,
4382,403,
4383,449,
4384,390,
4385,380,
4386,390,
4387,387,
4388,413,
4389,445,
4390,449,
4391,532,
4392,456,
4393,424,
4394,406,
4395,414,
4396,411,
4397,400,
4398,530,
4399,340,
4400,435,
4401,343,
4402,531,
4403,446,
4404,414,
4405,327,
4406,357,
4407,360,
4408,399,
4409,379,
4410,453,
4411,439,
4412,385,
4413,459,
4414,338,
4415,543,
4416,281,
4417,302,
4418,397,
4419,481,
4420,375,
4421,359,
4422,347,
4423,382,
4424,465,
4425,344,
4426,407,
4427,344,
4428,369,
4429,505,
4430,445,
4431,436,
4432,470,
4433,484,
4434,406,
4435,422,
4436,419,
4437,555,
4438,443,
4439,411,
4440,318,
4441,409,
4442,437,
4443,392,
4444,503,
4445,384,
4446,475,
4447,354,
4448,381,
4449,340,
4450,359,
4451,559,
4452,372,
4453,436,
4454,370,
4455,385,
4456,394,
4457,436,
4458,468,
4459,384,
4460,482,
4461,435,
4462,341,
4463,415,
4464,402,
4465,490,
4466,361,
4467,394,
4468,423,
4469,335,
4470,458,
4471,365,
4472,365,
4473,443,
4474,420,
4475,407,
4476,375,
4477,491,
4478,309,
4479,430,
4480,467,
4481,412,
4482,483,
4483,453,
4484,481,
4485,343,
4486,396,
4487,325,
4488,346,
4489,448,
4490,528,
4491,387,
4492,464,
4493,424,
4494,288,
4495,442,
4496,376,
4497,390,
4498,453,
4499,373,
4500,556,
4501,450,
4502,380,
4503,393,
4504,580,
4505,414,
4506,406,
4507,338,
4508,407,
4509,366,
4510,427,
4511,380,
4512,388,
4513,518,
4514,482,
4515,384,
4516,359,
4517,446,
4518,485,
4519,381,
4520,404,
4521,503,
4522,416,
4523,397,
4524,325,
4525,387,
4526,455,
4527,475,
4528,346,
4529,487,
4530,321,
4531,453,
4532,399,
4533,430,
4534,505,
4535,394,
4536,359,
4537,339,
4538,380,
4539,378,
4540,371,
4541,451,
4542,440,
4543,421,
4544,420,
4545,383,
4546,371,
4547,422,
4548,433,
4549,448,
4550,367,
4551,334,
4552,442,
4553,333,
4554,417,
4555,325,
4556,416,
4557,464,
4558,315,
4559,556,
4560,455,
4561,406,
4562,424,
4563,425,
4564,438,
4565,447,
4566,317,
4567,365,
4568,499,
4569,355,
4570,351,
4571,373,
4572,354,
4573,335,
4574,412,
4575,436,
4576,407,
4577,324,
4578,428,
4579,415,
4580,467,
4581,316,
4582,404,
4583,466,
4584,411,
4585,534,
4586,419,
4587,437,
4588,378,
4589,322,
4590,388,
4591,361,
4592,377,
4593,275,
4594,283,
4595,429,
4596,439,
4597,494,
4598,434,
4599,398,
4600,414,
4601,385,
4602,393,
4603,417,
4604,343,
4605,325,
4606,489,
4607,342,
4608,336,
4609,433,
4610,357,
4611,406,
4612,314,
4613,400,
4614,396,
4615,499,
4616,388,
4617,411,
4618,346,
4619,375,
4620,446,
4621,357,
4622,499,
4623,430,
4624,367,
4625,440,
4626,439,
4627,432,
4628,376,
4629,519,
4630,436,
4631,310,
4632,475,
4633,385,
4634,340,
4635,387,
4636,278,
4637,343,
4638,408,
4639,336,
4640,438,
4641,386,
4642,430,
4643,386,
4644,439,
4645,345,
4646,415,
4647,414,
4648,358,
4649,401,
4650,455,
4651,355,
4652,340,
4653,362,
4654,408,
4655,375,
4656,475,
4657,360,
4658,407,
4659,415,
4660,529,
4661,469,
4662,370,
4663,434,
4664,398,
4665,359,
4666,393,
4667,423,
4668,388,
4669,281,
4670,420,
4671,,
